Workbook

Sheet 👤 Ressources
A1: 👤 PLAN DE CHARGE RESSOURCES — PROJET
A2: Saisir le nombre de jours par ressource et par semaine (cellules en BLEU). Capacité max par défaut: 5j/semaine.
A3: Ressource | B3: Rôle | C3: Projet | D3: S01 | E3: S02 | F3: S03 | G3: S04 | H3: S05 | I3: S06 | J3: S07 | K3: S08 | L3: S09 | M3: S10 | N3: S11 | O3: S12 | P3: S13 | Q3: Total j | R3: Taux occ.
A4: Abdelhafid T. | B4: Chef de Projet | C4: NovaPay | D4: 5 | E4: 5 | F4: 5 | G4: 5 | H4: 4 | I4: 4 | J4: 5 | K4: 5 | L4: 5 | M4: 3 | N4: 3 | O4: 2 | P4: 2 | Q4: =SUM(D4:P4) | R4: =Q4/(13*5)
A5: Marie D. | B5: Lead Dev Backend | C5: NovaPay | D5: 5 | E5: 5 | F5: 5 | G5: 5 | H5: 5 | I5: 5 | J5: 4 | K5: 4 | L5: 5 | M5: 5 | N5: 5 | O5: 3 | P5: 0 | Q5: =SUM(D5:P5) | R5: =Q5/(13*5)
A6: Thomas R. | B6: Dev Frontend | C6: NovaPay | D6: 3 | E6: 3 | F6: 4 | G6: 5 | H6: 5 | I6: 5 | J6: 5 | K6: 5 | L6: 4 | M6: 3 | N6: 2 | O6: 2 | P6: 0 | Q6: =SUM(D6:P6) | R6: =Q6/(13*5)
A7: Sophie M. | B7: Data Scientist | C7: NovaPay | D7: 2 | E7: 2 | F7: 3 | G7: 4 | H7: 5 | I7: 5 | J7: 4 | K7: 3 | L7: 2 | M7: 2 | N7: 1 | O7: 1 | P7: 0 | Q7: =SUM(D7:P7) | R7: =Q7/(13*5)
A8: Pierre L. | B8: QA Lead | C8: NovaPay | D8: 1 | E8: 1 | F8: 2 | G8: 3 | H8: 4 | I8: 5 | J8: 5 | K8: 5 | L8: 4 | M8: 3 | N8: 2 | O8: 1 | P8: 0 | Q8: =SUM(D8:P8) | R8: =Q8/(13*5)
A9: Camille B. | B9: UX Designer | C9: NovaPay | D9: 4 | E9: 4 | F9: 3 | G9: 2 | H9: 2 | I9: 2 | J9: 2 | K9: 1 | L9: 1 | M9: 1 | N9: 0 | O9: 0 | P9: 0 | Q9: =SUM(D9:P9) | R9: =Q9/(13*5)
A10: TOTAL / Capacité | D10: =SUM(D4:D9) | E10: =SUM(E4:E9) | F10: =SUM(F4:F9) | G10: =SUM(G4:G9) | H10: =SUM(H4:H9) | I10: =SUM(I4:I9) | J10: =SUM(J4:J9) | K10: =SUM(K4:K9) | ... Q10: =SUM(Q4:Q9)

Sheet 📊 Dashboard
A1: 📊 DASHBOARD PLAN DE CHARGE
A3: Ressource | B3: Total jours | C3: Taux occupation
A4: Abdelhafid T. | B4: ='👤 Ressources'!Q4 | C4: ='👤 Ressources'!R4
A5: Marie D. | B5: ='👤 Ressources'!Q5 | C5: ='👤 Ressources'!R5
A6: Thomas R. | B6: ='👤 Ressources'!Q6 | C6: ='👤 Ressources'!R6
A7: Sophie M. | B7: ='👤 Ressources'!Q7 | C7: ='👤 Ressources'!R7
A8: Pierre L. | B8: ='👤 Ressources'!Q8 | C8: ='👤 Ressources'!R8
A9: Camille B. | B9: ='👤 Ressources'!Q9 | C9: ='👤 Ressources'!R9

Sheet 📖 Tuto
A1: 📖 GUIDE D'UTILISATION — Plan de Charge
A3: 1 | B3: Colonnes S01→S13 | C3: Saisir le nombre de jours travaillés par semaine pour chaque ressource (max 5j)
A4: 2 | B4: Cellule en BLEU | C4: Entrée manuelle utilisateur — formules se recalculent automatiquement
A5: 3 | B5: Cellule en JAUNE | C5: Surcharge détectée (>5j) — action corrective requise
A6: 4 | B6: Total jours | C6: Somme automatique des 13 semaines
A7: 5 | B7: Taux d'occupation | C7: Total jours / (13 semaines × 5j) — 100% = pleine capacité
A8: 6 | B8: Onglet Dashboard | C8: Vue synthétique par ressource avec indicateurs de surcharge
